map,azureSeed,emberSeed,baselineSeconds,baselineWinner,candidateSeconds,candidateWinner,candidateReason,baselineTraceSha256,candidateTraceSha256,initialCheckpointSha256,baselineRejected,candidateRejected,completeReplayEqual
bellweather-millrace,0,20260925,636.4,0,397.4,0,capture-hold,1b9f432e786f02c05c9487d9c2a94393eab0692e3c20b0bef5f4dd43284be696,378a65adfd9e33cb462de7d72029fbd555cc5afdcd9ac4df711193b433ea1e8a,5d3050f88378a1d24984ad68ec7fd1e05995c0f45187ca4aedc4fd49dcf45ad1,0,0,True
bellweather-millrace,0,4294967295,379.6,0,382.9,0,capture-hold,653101588142269c797b30e14e5a691a954deadc052d661b5dc747611200f576,689449ec3ea2b78397deea2a6796f0aed430cf34d6adffb0d2561e39ee1ed768,5d3050f88378a1d24984ad68ec7fd1e05995c0f45187ca4aedc4fd49dcf45ad1,0,1,True
bellweather-millrace,20260925,0,432.3,0,391.5,1,capture-hold,a867e33eb95841782350f2a7769498ebfbc1f57d0002d30dfa88831866d07145,3c73f101d15eda6318bc42911320ea4612b54d4b9ee6b0baf5a02be03b81369b,5d3050f88378a1d24984ad68ec7fd1e05995c0f45187ca4aedc4fd49dcf45ad1,0,0,True
bellweather-millrace,20260925,4294967295,427.5,0,293.6,0,capture-hold,db901f01275055bcf3c214a4e2be61c644e975c785a305ff74b639ebaed34877,d94153c2b339a0aae52b6cf9f62ec95fac336a99aae9562446e6814644d5ba8a,5d3050f88378a1d24984ad68ec7fd1e05995c0f45187ca4aedc4fd49dcf45ad1,2,1,True
bellweather-millrace,4294967295,0,421.5,0,342.5,1,capture-hold,26327885b3b491def703936a23c2a09610042844d196f2c5a0e9cd50f6afc9f4,f6fd11858ff7c67abd01526c37b42a2eb1f649ecc57119a87d64ac6da3ae05db,5d3050f88378a1d24984ad68ec7fd1e05995c0f45187ca4aedc4fd49dcf45ad1,0,0,True
bellweather-millrace,4294967295,20260925,343.6,1,314.6,1,capture-hold,859eba579b742c95a7df072318fb0c30dbb29677e4ef26fa556ad23f1fb980de,8a04d75d7cd629dd7b3c9fea00936b4311ed7cd3348c555fb2c9d008a92d0e11,5d3050f88378a1d24984ad68ec7fd1e05995c0f45187ca4aedc4fd49dcf45ad1,0,1,True
forked-vale,20260925,4294967295,328.6,0,409.1,0,capture-hold,4ca447d95013e2d95b04a87e7e7fddc8e20cb59200e85d50ee46141eb26ce2ad,d248f60d6a81946182932f1e880a4cea698749d3a2a3a10867dd62527056ed8e,b390b0dc770436a8fa096fe33509963669af75530cd57e8ea20f8404a183418a,0,0,True
forked-vale,4294967295,20260925,248,0,301.7,0,capture-hold,d76f83e61aeb423f479a43806d7b1b26257bc4b8c921441b47d03ca15ba37c2f,60efdb59094e3abb5ce10c4533c9dffb9a91096b8a725f78cfe05d9cf5748604,b390b0dc770436a8fa096fe33509963669af75530cd57e8ea20f8404a183418a,0,0,True
underbough-rootways,0,20260925,242.4,1,367.8,1,capture-hold,26e7a713952fb73b72037f0da5d1c618ff87f068da9e8937694ea96c8c5a768e,b35b727f35bf5a3fe627b75fe038ebfd2af1dde8fd2ea1ea517b5947338fad83,eab24e24af1ca467054217172ce543251b68bfbfe8c3837bc420d9c80c2eb495,0,0,True
underbough-rootways,0,4294967295,298.4,1,206.4,1,capture-hold,fae7de042f4dc6e3be1a3f6219341a3ee035363fb4a987358c86724eb1fac8f2,ba0b59ec99cd761f309b7c77852b36327e12d96127753078d9d43d1c92d03891,eab24e24af1ca467054217172ce543251b68bfbfe8c3837bc420d9c80c2eb495,0,0,True
underbough-rootways,20260925,0,264.1,1,218.1,1,capture-hold,2f5f1a570caf36bb1cca746c07a5787659750f6278c0e93c00ef4ad02394e54e,563b86ee8ae7db14c7be088c71936dbd6096de5dc9060a65bcd71af6d4398bd9,eab24e24af1ca467054217172ce543251b68bfbfe8c3837bc420d9c80c2eb495,0,0,True
underbough-rootways,20260925,4294967295,259.6,1,222.5,1,capture-hold,0679a8aa53968dea151b747971217d314b59b151d7d39cfb6b72992a82056e46,9b0c84c65e39b0c14a3ea8f9437407a22a182dc19a33d8066338b45e1d338701,eab24e24af1ca467054217172ce543251b68bfbfe8c3837bc420d9c80c2eb495,0,0,True
underbough-rootways,4294967295,0,179.9,1,220,1,capture-hold,98f6c2b31e2d7493adcb3607107c090525a700a047156a62ccc524483a22fbfa,b135ab74c7c1b2c03b5798ddc1dd46076a23cad45a9bb800d63213745d126626,eab24e24af1ca467054217172ce543251b68bfbfe8c3837bc420d9c80c2eb495,0,0,True
underbough-rootways,4294967295,20260925,182.2,1,267.5,0,capture-hold,cdd72603801fdcb79811cff75b4b15cdc1438c004cdfe5a6dee384c9ee958bbe,4f0bf5b341cc99cf8e90fa8e168a76e4eb7faa4089777fa8c1d69adfdde40569,eab24e24af1ca467054217172ce543251b68bfbfe8c3837bc420d9c80c2eb495,0,0,True
woodland-expanse,20260925,4294967295,504.1,0,900.1,2,timed-control,5154651360d14fe781482568a67dc374a578572bb3b8484ab2cfd485d7578f83,b64952af32e35a2d91bb7c5d5870f9f9980b1fcfcbb783eb57c76feed7c36b88,c15c2c439486ebda874757b91ad6eeb64365e0de5776a0cb8c85563785531711,0,0,True
woodland-expanse,4294967295,20260925,233.2,1,151.6,1,capture-hold,76b106b16445473d16a4e00fd5e76804ebec8dc02f8fcac25d437ca05a13ce10,e9603d2d894cbf45bdc8d8ae13b548019491c46df8563fcbe611fda081ccf363,c15c2c439486ebda874757b91ad6eeb64365e0de5776a0cb8c85563785531711,0,0,True
